Date,F&G,Category,Trend,"Recommended $","SPY Price","Shares Bought","Cash Before","Cash After"
"2026-03-14 05:02 1773464541UTCC",19,"Extreme Fear","Bull 🟢",400,662.29,0.1510,0.00,0.00
"2026-03-14 05:10 1773465050UTCC",19,"Extreme Fear","Bull 🟢",400,662.29,0.1510,0.00,0.00
"2026-03-14 05:13 1773465186UTCC",19,"Extreme Fear","Bull 🟢",400,662.29,0.1510,0.00,0.00
"2026-03-14 05:18 UTC",19,"Extreme Fear","Bull 🟢",400,662.29,0.1510,0.00,0.00
"2026-03-14 05:25 UTC",19,"Extreme Fear","Bull 🟢",400,662.29,0.1510,0.00,0.00
"2026-03-20 22:08 UTC",14,"Extreme Fear","Bear 🔴",350,648.57,0.1542,0.00,0.00
"2026-04-01 14:44 UTC",16,"Extreme Fear","Bear 🔴",350,655.59,0.1525,0.00,0.00
"2026-05-01 14:19 UTC",67,Greed,"Bull 🟢",100,724.49,0.1380,0.00,0.00
"2026-06-01 18:44 UTC",59,Greed,"Bull 🟢",100,759.83,0.1316,0.00,0.00
